<?xml version="1.0" encoding="UTF-8"?>					
<package xmlns="http://apple.com/itunes/importer" version="film5.2">					
	<language>de-DE</language>				
	<provider>WarnerBrosEnt</provider>				
	<album>				
		<album_type>MovieBundle</album_type>			
		<vendor_id>191676400727_DE</vendor_id>			
		<title>Crime Thrillers</title>			
		<description>Völlerei. Gier. Faulheit. Jähzorn. Stolz. Wollust. Neid. Zwei Polizisten, ein brillanter und schwer fassbarer Killer, der eine Reihe schrecklicher Morde inszeniert, die jeweils auf eine der sieben Todsünden abzielen. Oscar®-Gewinner Anthony Hopkins und Oscar®-Kandidat Ryan Gosling liefern uns eine brillante Darbietung in diesem spannenden Nervenkitzel, der so gewieft ist, dass Sie auch nach der letzten unerwarteten Wendung wie gebannt sitzen bleiben. Angelina Jolie spielt die Hauptrolle als FBI-Profilerin, die einen Serienmörder aufspüren hilft, der in diesem psychologischen Thriller die Identität seiner Opfer annimmt.</description>			
		<release_date>2018-05-01</release_date>			
		<genres>			
			<genre code="THRILLER-00"/>		
		</genres>			
		<artists>			
			<artist>		
				<artist_name>Warner Bros. Entertainment</artist_name>	
				<apple_id>199257486</apple_id>	
				<primary>true</primary>	
				<language>en-US</language>	
				<roles>	
					<role>Primary</role>
				</roles>	
			</artist>		
		</artists>			
	<artwork_files>				
		<file>			
			<file_name>CrimeThrillers_3FilmColl_V_DD_KA_TT_2000x3000_300dpi_DE.jpg</file_name>		
			<size>788348</size>		
			<checksum type="md5">542fa6b4d5ea1c829f1f25fcf9ade50d</checksum>		
		</file>			
	</artwork_files>				
	<products>				
		<product>			
			<territory>DE</territory>		
			<cleared_for_sale>true</cleared_for_sale>		
			<cleared_for_hd_sale>true</cleared_for_hd_sale>		
			<wholesale_price_tier>6</wholesale_price_tier>		
			<hd_wholesale_price_tier>106</hd_wholesale_price_tier>		
			<sales_start_date>2018-12-01</sales_start_date>		
		</product>			
		<product>			
			<territory>AT</territory>		
			<cleared_for_sale>true</cleared_for_sale>		
			<cleared_for_hd_sale>true</cleared_for_hd_sale>		
			<wholesale_price_tier>6</wholesale_price_tier>		
			<hd_wholesale_price_tier>106</hd_wholesale_price_tier>		
			<sales_start_date>2018-12-01</sales_start_date>		
		</product>			
		<product>			
			<territory>CH</territory>		
			<cleared_for_sale>true</cleared_for_sale>		
			<cleared_for_hd_sale>true</cleared_for_hd_sale>		
			<wholesale_price_tier>6</wholesale_price_tier>		
			<hd_wholesale_price_tier>106</hd_wholesale_price_tier>		
			<sales_start_date>2018-12-01</sales_start_date>		
		</product>			
	</products>				
	<tracks>				
		<video>			
			<track_number>1</track_number>		
			<vendor_id>5051753077318</vendor_id>		
		</video>			
		<video>			
			<track_number>2</track_number>		
			<vendor_id>883316511961</vendor_id>		
		</video>			
		<video>			
			<track_number>3</track_number>		
			<vendor_id>5051753366863</vendor_id>		
		</video>			
	</tracks>				
	</album>				
</package>					
