<?xml version="1.0" encoding="UTF-8"?>						
<package xmlns="http://apple.com/itunes/importer" version="film5.2">						
	<language>en-US</language>					
	<provider>WarnerBrosEnt</provider>					
	<album>					
		<album_type>MovieBundle</album_type>				
		<vendor_id>191676421401</vendor_id>				
		<release_date>2018-12-03</release_date>				
		<products>				
			<product>			
				<territory>US</territory>		
				<intervals>		
					<interval>	
						<start_date>2018-12-18</start_date>
						<end_date>2019-01-04</end_date>
						<wholesale_price_tier>5</wholesale_price_tier>
						<hd_wholesale_price_tier>105</hd_wholesale_price_tier>
					</interval>	
				</intervals>		
			</product>			
		</products>				
	</album>					
</package>						
