<?xml version="1.0" encoding="UTF-8"?>						
<package xmlns="http://apple.com/itunes/importer" version="film5.2">						
	<language>de-DE</language>					
	<provider>WarnerBrosEnt</provider>					
	<album>					
		<album_type>MovieBundle</album_type>				
		<vendor_id>888574629465_DE</vendor_id>				
		<release_date>2018-11-01</release_date>				
		<products>				
			<product>			
				<territory>AT</territory>		
				<intervals>		
					<interval>	
						<start_date>2018-11-12</start_date>
						<end_date>2049-12-31</end_date>
						<wholesale_price_tier>4</wholesale_price_tier>
						<hd_wholesale_price_tier>104</hd_wholesale_price_tier>
					</interval>	
				</intervals>		
			</product>			
			<product>			
				<territory>DE</territory>		
				<intervals>		
					<interval>	
						<start_date>2018-11-12</start_date>
						<end_date>2049-12-31</end_date>
						<wholesale_price_tier>4</wholesale_price_tier>
						<hd_wholesale_price_tier>104</hd_wholesale_price_tier>
					</interval>	
				</intervals>		
			</product>			
		</products>				
	</album>					
</package>						
